iter	MultiClass
0	1.033710553
1	1.012315582
2	0.9618525007
3	0.8998005591
4	0.8606051898
5	0.8446535487
6	0.8239030945
7	0.8118418972
8	0.7765810372
9	0.757330261
